category_name;product_name;product_short_description;product_type;phase_name;visibility;product_website_url;product_documentation_url;public_network;private_network;code_automation;hardware_tenancy;order_possibility;billing_mode;datacenter_avail_bhs;datacenter_avail_gra;datacenter_avail_de;datacenter_avail_rbx;datacenter_avail_sbg;datacenter_avail_waw;datacenter_avail_uk;datacenter_avail_sgp;datacenter_avail_syd;datacenter_avail_hil;datacenter_avail_vin;certif_iso_27001;certif_hds;certif_hipaa;certif_pci_dss;certif_snc;certif_soc1;certif_soc2;universe_baremetal_cloud;universe_private_cloud;universe_public_cloud;universe_web_cloud
ai;AI Deploy;Deploy your AI Docker apps or models with high availability;paas;alpha;TRUE;#;https://docs.ovh.com/gb/en/publiccloud/ai/;public_ipv4;unavailable;FALSE;multi_tenant;worldwide_except_us;pay_go;TRUE;TRUE;FALSE;FALSE;FALSE;FALSE;FALSE;FALSE;FALSE;FALSE;FALSE;TRUE;TRUE;;FALSE;FALSE;;;FALSE;FALSE;TRUE;FALSE
ai;AI Notebooks;Managed Jupyter or VSCode notebooks;paas;general_avail;TRUE;https://www.ovhcloud.com/en-ie/public-cloud/ai-notebook/;https://docs.ovh.com/gb/en/publiccloud/ai/;public_ipv4;unavailable;FALSE;multi_tenant;worldwide_except_us;pay_go;TRUE;TRUE;FALSE;FALSE;FALSE;FALSE;FALSE;FALSE;FALSE;FALSE;FALSE;TRUE;TRUE;;FALSE;FALSE;;;FALSE;FALSE;TRUE;FALSE
ai;AI Training;Train your models with CPU and GPU, as a service;paas;general_avail;TRUE;https://www.ovhcloud.com/en-ie/public-cloud/ai-training/;https://docs.ovh.com/gb/en/publiccloud/ai/;public_ipv4;unavailable;FALSE;multi_tenant;worldwide_except_us;pay_go;TRUE;TRUE;FALSE;FALSE;FALSE;FALSE;FALSE;FALSE;FALSE;FALSE;FALSE;TRUE;TRUE;;FALSE;FALSE;;;FALSE;FALSE;TRUE;FALSE
ai;ML Serving;Deploy you ML models files with high availability;paas;phase_out;TRUE;https://www.ovhcloud.com/en-ie/public-cloud/machine-learning-serving/;https://docs.ovh.com/gb/en/publiccloud/ai/;public_ipv4;unavailable;FALSE;multi_tenant;worldwide_except_us;pay_go;TRUE;TRUE;FALSE;FALSE;FALSE;FALSE;FALSE;FALSE;FALSE;FALSE;FALSE;TRUE;TRUE;;FALSE;FALSE;;;FALSE;FALSE;TRUE;FALSE
analytics;Lakehouse;Store and query unstructured data easily with SQL;paas;research_dev;TRUE;#;#;public_ipv4;unavailable;FALSE;multi_tenant;worldwide_except_us;pay_go;FALSE;FALSE;FALSE;FALSE;FALSE;FALSE;FALSE;FALSE;FALSE;FALSE;FALSE;FALSE;FALSE;;FALSE;FALSE;;;FALSE;FALSE;TRUE;FALSE
analytics;Data Processing;Process you data at scale, powered with Apache Spark;paas;general_avail;TRUE;https://www.ovhcloud.com/en-ie/public-cloud/data-processing/;https://docs.ovh.com/gb/en/data-processing/;public_ipv4;unavailable;FALSE;multi_tenant;worldwide_except_us;pay_go;FALSE;TRUE;FALSE;FALSE;FALSE;FALSE;FALSE;FALSE;FALSE;FALSE;FALSE;TRUE;TRUE;;FALSE;FALSE;;;FALSE;FALSE;TRUE;FALSE
analytics;Data Connectors;Connect to various data sources easily and ingest data;paas;research_dev;TRUE;#;#;public_ipv4;unavailable;FALSE;multi_tenant;worldwide_except_us;pay_go;FALSE;FALSE;FALSE;FALSE;FALSE;FALSE;FALSE;FALSE;FALSE;FALSE;FALSE;FALSE;FALSE;;FALSE;FALSE;;;FALSE;FALSE;TRUE;FALSE
analytics;Public Cloud Grafana;build analytics and monitoring dashboards with managed Grafana;paas;general_avail;TRUE;https://www.ovhcloud.com/en-ie/public-cloud/grafana/;https://docs.ovh.com/gb/en/publiccloud/databases/;public_ipv4;private_ipv4;FALSE;multi_tenant;worldwide_except_us;pay_go;TRUE;TRUE;TRUE;FALSE;TRUE;TRUE;TRUE;FALSE;FALSE;FALSE;FALSE;TRUE;TRUE;;FALSE;FALSE;;;FALSE;FALSE;TRUE;FALSE
analytics;Public Cloud Kafka;Ingest data at scale with managed Apache Kafka clusters;paas;general_avail;TRUE;https://www.ovhcloud.com/en-ie/public-cloud/apache-kafka/;https://docs.ovh.com/gb/en/publiccloud/databases/;public_ipv4;private_ipv4;FALSE;multi_tenant;worldwide_except_us;pay_go;TRUE;TRUE;TRUE;FALSE;TRUE;TRUE;TRUE;FALSE;FALSE;FALSE;FALSE;TRUE;TRUE;;FALSE;FALSE;;;FALSE;FALSE;FALSE;FALSE
backup;Veeam Cloud Connect ;Managed service too outsource Veeam back up from premise to the cloud;paas;general_avail;TRUE;https://www.ovhcloud.com/en-ie/storage-solutions/veeam-cloud-connect/;https://docs.ovh.com/gb/en/storage/veeam-cloud-connect/;public_ipv4;private_ipv4;FALSE;multi_tenant;worldwide;pay_go;TRUE;FALSE;TRUE;TRUE;TRUE;TRUE;TRUE;FALSE;FALSE;TRUE;TRUE;TRUE;TRUE;;TRUE;TRUE;;;TRUE;FALSE;FALSE;FALSE
backup;Veeam Enterprise for VMware HPC;Enterprise Plus Licence for the Veeam Backup&Replication software;paas;general_avail;TRUE;https://www.ovhcloud.com/en-ie/storage-solutions/veeam-enterprise/;https://docs.ovh.com/gb/en/storage/veeam-backup-replication/;public_ipv4;private_ipv4;FALSE;single_tenant;worldwide;pay_go;TRUE;FALSE;TRUE;TRUE;TRUE;TRUE;TRUE;FALSE;FALSE;TRUE;TRUE;TRUE;TRUE;;TRUE;TRUE;;;TRUE;FALSE;FALSE;FALSE
backup;Veeam Managed Backup for VMware HPC;Managed Backup service for VMware virtual machines with Veeam;paas;general_avail;TRUE;https://www.ovhcloud.com/en-ie/enterprise/products/hosted-private-cloud/veeam-backup-managed/;https://docs.ovh.com/gb/en/private-cloud/veeam-backup-as-a-service/;public_ipv4;private_ipv4;FALSE;single_tenant;worldwide;pay_go;TRUE;FALSE;TRUE;TRUE;TRUE;TRUE;TRUE;FALSE;FALSE;TRUE;TRUE;TRUE;TRUE;;TRUE;TRUE;;;FALSE;TRUE;FALSE;FALSE
backup;Zerto DRP for VMware HPC;Disaster Recovery solution for VMware infrastructure with Zerto;paas;general_avail;TRUE;https://www.ovhcloud.com/en-ie/enterprise/products/hosted-private-cloud/zerto/;https://docs.ovh.com/gb/en/private-cloud/zerto-virtual-replication-vmware-vsphere-drp/;public_ipv4;private_ipv4;FALSE;single_tenant;worldwide;pay_go;TRUE;FALSE;TRUE;TRUE;TRUE;TRUE;TRUE;FALSE;FALSE;TRUE;TRUE;TRUE;TRUE;;TRUE;TRUE;;;FALSE;TRUE;FALSE;FALSE
collab;Collaborative Tools;Microsoft 365 and Sharepoint as a Service;saas;general_avail;TRUE;https://www.ovhcloud.com/en-ie/collaborative-tools/;https://docs.ovh.com/gb/en/microsoft-collaborative-solutions/;public_ipv4;unavailable;FALSE;multi_tenant;worldwide_except_us;prepaid;FALSE;FALSE;FALSE;FALSE;FALSE;FALSE;FALSE;FALSE;FALSE;FALSE;FALSE;FALSE;FALSE;;FALSE;FALSE;;;FALSE;FALSE;FALSE;TRUE
collab;Emails Solutions;Range of business email services;saas;general_avail;TRUE;https://www.ovhcloud.com/en-ie/emails/;https://docs.ovh.com/gb/en/emails-pro/;public_ipv4;unavailable;FALSE;multi_tenant;worldwide_except_us;prepaid;FALSE;FALSE;FALSE;FALSE;FALSE;FALSE;FALSE;FALSE;FALSE;FALSE;FALSE;FALSE;FALSE;;FALSE;FALSE;;;FALSE;FALSE;FALSE;TRUE
collab;Visibility Pro;Tools to improve your natural SEO;paas;general_avail;TRUE;https://www.ovhcloud.com/fr/web-hosting/options/pro-visibility/;https://docs.ovh.com/fr/hosting/premiers-pas-avec-visibilite-pro/;public_ipv4;unavailable;FALSE;multi_tenant;worldwide_except_us;prepaid;FALSE;FALSE;FALSE;FALSE;FALSE;FALSE;FALSE;FALSE;FALSE;FALSE;FALSE;FALSE;FALSE;;FALSE;FALSE;;;FALSE;FALSE;FALSE;TRUE
compute;Dedicated servers;Physical and dedicated servers;iaas;general_avail;TRUE;https://www.ovhcloud.com/en-ie/bare-metal/;https://docs.ovh.com/gb/en/dedicated/;public_ipv4 public_ipv6;private_ipv4 private_ipv6;TRUE;single_tenant;worldwide;prepaid;TRUE;TRUE;TRUE;TRUE;TRUE;TRUE;TRUE;TRUE;TRUE;TRUE;TRUE;TRUE;TRUE;;FALSE;FALSE;;;TRUE;FALSE;FALSE;FALSE
compute;Hosted Private Cloud for VMware;Managed VMware cluster as a Service;iaas;general_avail;TRUE;https://www.ovhcloud.com/en-ie/managed-bare-metal/;https://docs.ovh.com/gb/en/private-cloud/;public_ipv4;private_ipv4;TRUE;single_tenant;worldwide;prepaid;TRUE;FALSE;TRUE;TRUE;TRUE;TRUE;TRUE;FALSE;FALSE;TRUE;TRUE;TRUE;TRUE;;TRUE;TRUE;;;TRUE;FALSE;FALSE;FALSE
compute;Hosted Private Cloud for Vmware HCI;Managed VMware cluster as a Service with vSAN storage;iaas;general_avail;TRUE;https://www.ovhcloud.com/en-ie/enterprise/products/hosted-private-cloud/;https://docs.ovh.com/gb/en/private-cloud/;public_ipv4;private_ipv4;TRUE;single_tenant;worldwide;prepaid;TRUE;FALSE;TRUE;TRUE;TRUE;TRUE;TRUE;FALSE;FALSE;TRUE;TRUE;TRUE;TRUE;;TRUE;TRUE;;;FALSE;TRUE;FALSE;FALSE
compute;Hosted Private Cloud for Anthos;Google Anthos private clusters;caas;phase_out;TRUE;https://www.ovhcloud.com/en-ie/hosted-private-cloud/anthos/;https://docs.ovh.com/gb/en/hosted-private-cloud-anthos/;public_ipv4;private_ipv4;TRUE;single_tenant;worldwide_except_us;prepaid;FALSE;FALSE;FALSE;TRUE;FALSE;FALSE;FALSE;FALSE;FALSE;FALSE;FALSE;FALSE;FALSE;;FALSE;FALSE;;;FALSE;TRUE;FALSE;FALSE
compute;Hosted Private Cloud for Nutanix;Preinstalled Nutanix clusters;iaas;general_avail;TRUE;https://www.ovhcloud.com/fr/hosted-private-cloud/nutanix/;https://docs.ovh.com/gb/en/nutanix/;public_ipv4;private_ipv4;FALSE;single_tenant;worldwide;prepaid;TRUE;FALSE;FALSE;FALSE;TRUE;FALSE;FALSE;TRUE;FALSE;FALSE;FALSE;TRUE;FALSE;;FALSE;FALSE;;;FALSE;TRUE;FALSE;FALSE
compute;SAP HANA on Bare Metal;TDI compliant Bare Metal servers to run SAP HANA;iaas;research_dev;TRUE;https://www.ovhcloud.com/en/lp/sap/;https://docs.ovh.com/gb/en/sap/;public_ipv4;private_ipv4;FALSE;single_tenant;unavailable;prepaid;FALSE;FALSE;FALSE;TRUE;TRUE;FALSE;TRUE;FALSE;FALSE;FALSE;FALSE;FALSE;FALSE;;FALSE;FALSE;;;TRUE;FALSE;FALSE;FALSE
compute;SAP HANA on Private Cloud;HCI certified solution to run SAP HANA;iaas;research_dev;FALSE;https://www.ovhcloud.com/en/lp/sap/;https://docs.ovh.com/gb/en/sap/;public_ipv4;private_ipv4;FALSE;single_tenant;unavailable;prepaid;FALSE;FALSE;TRUE;TRUE;TRUE;FALSE;TRUE;FALSE;FALSE;FALSE;FALSE;FALSE;TRUE;;TRUE;TRUE;;;FALSE;TRUE;FALSE;FALSE
compute;Managed Kubernetes Service;Managed Kubernetes clusters;paas;general_avail;TRUE;https://www.ovhcloud.com/en-ie/public-cloud/kubernetes/;https://docs.ovh.com/gb/en/kubernetes/;public_ipv4;private_ipv4;TRUE;multi_tenant;worldwide;pay_go;TRUE;TRUE;TRUE;FALSE;TRUE;TRUE;TRUE;TRUE;TRUE;TRUE;TRUE;TRUE;TRUE;;TRUE;FALSE;;;FALSE;FALSE;TRUE;FALSE
compute;Metal instances;Baremetal servers in Public Cloud, with pay as you go;iaas;beta;TRUE;https://labs.ovh.com/bare-metal-on-public-cloud;#;public_ipv4;private_ipv4;TRUE;single_tenant;worldwide_except_us;pay_go;FALSE;TRUE;FALSE;TRUE;TRUE;FALSE;FALSE;FALSE;FALSE;FALSE;FALSE;TRUE;TRUE;;FALSE;FALSE;;;FALSE;FALSE;TRUE;FALSE
compute;VM instances;Virtual machines with Linux or Windows;iaas;general_avail;TRUE;https://www.ovhcloud.com/en-ie/public-cloud/compute/;https://docs.ovh.com/gb/en/public-cloud/;public_ipv4 public_ipv6;private_ipv4 private_ipv6;TRUE;multi_tenant;worldwide;pay_go;TRUE;TRUE;TRUE;FALSE;TRUE;TRUE;TRUE;TRUE;TRUE;TRUE;TRUE;TRUE;TRUE;;FALSE;FALSE;;;FALSE;FALSE;TRUE;FALSE
compute;VPS;Affordable virtual servers ;iaas;general_avail;TRUE;https://www.ovhcloud.com/en-ie/vps/;https://docs.ovh.com/gb/en/vps/;public_ipv4;unavailable;FALSE;multi_tenant;worldwide;prepaid;TRUE;TRUE;TRUE;FALSE;TRUE;TRUE;TRUE;TRUE;TRUE;TRUE;TRUE;FALSE;FALSE;;FALSE;FALSE;;;TRUE;FALSE;FALSE;FALSE
databases;Logs Data Platform;Managed and serverless logs data platform;paas;general_avail;TRUE;https://www.ovhcloud.com/en-ie/logs-data-platform/;https://docs.ovh.com/gb/en/logs-data-platform/;public_ipv4;unavailable;FALSE;multi_tenant;worldwide_except_us;prepaid;TRUE;TRUE;FALSE;FALSE;FALSE;FALSE;FALSE;FALSE;FALSE;FALSE;FALSE;TRUE;TRUE;;FALSE;FALSE;;;TRUE;FALSE;FALSE;FALSE
databases;Public Cloud Logs Databases;Managed OpenSearch cluster;paas;general_avail;TRUE;https://www.ovhcloud.com/en-ie/public-cloud/databases/;https://docs.ovh.com/gb/en/publiccloud/databases/;public_ipv4;private_ipv4;TRUE;multi_tenant;worldwide_except_us;pay_go;TRUE;TRUE;TRUE;FALSE;TRUE;TRUE;TRUE;FALSE;FALSE;FALSE;FALSE;TRUE;TRUE;;FALSE;FALSE;;;FALSE;FALSE;TRUE;FALSE
databases;Public Cloud Metrics Databases;Managed M3 clusters to host your metrics;paas;general_avail;TRUE;https://www.ovhcloud.com/en-ie/public-cloud/m3db/;https://docs.ovh.com/gb/en/publiccloud/databases/;public_ipv4;private_ipv4;TRUE;multi_tenant;worldwide_except_us;pay_go;TRUE;TRUE;TRUE;FALSE;TRUE;TRUE;TRUE;FALSE;FALSE;FALSE;FALSE;TRUE;TRUE;;FALSE;FALSE;;;FALSE;FALSE;TRUE;FALSE
databases;Public Cloud NoSQL Databases;Managed Cassandra, Redis and MongoDB Databases;paas;general_avail;TRUE;https://www.ovhcloud.com/en-ie/public-cloud/databases/;https://docs.ovh.com/gb/en/publiccloud/databases/;public_ipv4;private_ipv4;TRUE;multi_tenant;worldwide_except_us;pay_go;TRUE;TRUE;TRUE;FALSE;TRUE;TRUE;TRUE;FALSE;FALSE;FALSE;FALSE;TRUE;TRUE;;FALSE;FALSE;;;FALSE;FALSE;TRUE;FALSE
databases;Public Cloud Relational Databases;Managed MySQL and PostgreSQL Databases;paas;general_avail;TRUE;https://www.ovhcloud.com/en-ie/public-cloud/databases/;https://docs.ovh.com/gb/en/publiccloud/databases/;public_ipv4;private_ipv4;TRUE;multi_tenant;worldwide_except_us;pay_go;TRUE;TRUE;TRUE;FALSE;TRUE;TRUE;TRUE;FALSE;FALSE;FALSE;FALSE;TRUE;TRUE;;FALSE;FALSE;;;FALSE;FALSE;TRUE;FALSE
databases;Web Cloud Databases;Affordable managed relational Databases for Web;paas;general_avail;TRUE;https://www.ovh.com/fr/cloud-databases/;https://docs.ovh.com/gb/en/clouddb/;public_ipv4;unavailable;TRUE;multi_tenant;worldwide_except_us;prepaid;TRUE;TRUE;FALSE;FALSE;FALSE;FALSE;FALSE;FALSE;FALSE;FALSE;FALSE;FALSE;FALSE;;FALSE;FALSE;;;FALSE;FALSE;FALSE;TRUE
gaming;Bare Metal Gaming servers ;Dedicated bare metal servers with gaming DDoS protection;iaas;general_avail;TRUE;https://www.ovhcloud.com/en-ie/bare-metal/game/;https://docs.ovh.com/fr/dedicated/;public_ipv4 public_ipv6;private_ipv4 private_ipv6;TRUE;single_tenant;worldwide;prepaid;TRUE;TRUE;TRUE;FALSE;TRUE;TRUE;TRUE;FALSE;TRUE;TRUE;TRUE;TRUE;;;FALSE;FALSE;;;TRUE;FALSE;FALSE;FALSE
hosting;CDN Web;Caching system for OVHcloud Web plans;paas;general_avail;TRUE;https://www.ovhcloud.com/fr/web-hosting/options/cdn/;https://docs.ovh.com/ie/en/hosting/guide_to_using_the_geocache_accelerator_on_a_web_hosting_package/;public_ipv4;unavailable;FALSE;multi_tenant;worldwide_except_us;prepaid;TRUE;FALSE;FALSE;TRUE;TRUE;FALSE;FALSE;FALSE;FALSE;FALSE;FALSE;FALSE;FALSE;;FALSE;FALSE;;;FALSE;FALSE;FALSE;TRUE
hosting;Domain names;More than 1000 domain names to register;paas;general_avail;TRUE;https://www.ovhcloud.com/en-ie/domains/;https://docs.ovh.com/ie/en/domains/;public_ipv4;unavailable;FALSE;multi_tenant;worldwide_except_us;prepaid;TRUE;TRUE;TRUE;TRUE;TRUE;TRUE;TRUE;TRUE;TRUE;TRUE;TRUE;FALSE;FALSE;;FALSE;FALSE;;;FALSE;FALSE;FALSE;TRUE
hosting;Start SQL database ;Relational Databases for Web hosting offers with shared resources;paas;general_avail;TRUE;https://www.ovhcloud.com/en-ie/web-hosting/options/start-sql/;https://docs.ovh.com/gb/en/hosting/;public_ipv4;unavailable;FALSE;multi_tenant;worldwide_except_us;prepaid;TRUE;TRUE;FALSE;FALSE;FALSE;FALSE;FALSE;FALSE;FALSE;FALSE;FALSE;FALSE;FALSE;;FALSE;FALSE;;;FALSE;FALSE;FALSE;TRUE
hosting;Web Cloud Private SQL;Relational Databases for Web hosting offers with dedicated resources;paas;general_avail;TRUE;https://www.ovhcloud.com/en-ie/web-hosting/options/private-sql/;https://docs.ovh.com/gb/en/hosting/;public_ipv4;unavailable;TRUE;multi_tenant;worldwide_except_us;prepaid;TRUE;TRUE;FALSE;FALSE;FALSE;FALSE;FALSE;FALSE;FALSE;FALSE;FALSE;FALSE;FALSE;;FALSE;FALSE;;;FALSE;FALSE;FALSE;TRUE
hosting;Web hosting offers;Multiple hosting plans;paas;general_avail;TRUE;https://www.ovhcloud.com/en-ie/web-hosting/;https://docs.ovh.com/ie/en/hosting/;public_ipv4;unavailable;FALSE;multi_tenant;worldwide_except_us;prepaid;TRUE;TRUE;FALSE;FALSE;FALSE;FALSE;FALSE;FALSE;FALSE;FALSE;FALSE;FALSE;FALSE;;FALSE;FALSE;;;FALSE;FALSE;FALSE;TRUE
hosting;Web PaaS;Managed all in one platform powered by platform.sh;paas;general_avail;TRUE;https://www.ovhcloud.com/en-ie/web-paas/;https://docs.ovh.com/ie/en/web-paas/;public_ipv4;unavailable;FALSE;multi_tenant;worldwide_except_us;prepaid;FALSE;TRUE;FALSE;FALSE;FALSE;FALSE;FALSE;FALSE;FALSE;FALSE;FALSE;FALSE;FALSE;;FALSE;FALSE;;;FALSE;FALSE;FALSE;TRUE
network;Bring Your Own IP;Import your own IP addresses to OVhcloud;iaas;early_access;TRUE;#;#;public_ipv4;unavailable;TRUE;single_tenant;worldwide_except_us;prepaid;TRUE;TRUE;TRUE;TRUE;TRUE;TRUE;TRUE;TRUE;TRUE;FALSE;FALSE;FALSE;FALSE;;FALSE;FALSE;;;TRUE;TRUE;TRUE;FALSE
network;CDN Infrastructure;Caching system in 3 POP;paas;general_avail;TRUE;https://www.ovh.com/fr/cdn/infrastructure/;https://docs.ovh.com/gb/en/cdn-infrastructure/;public_ipv4;unavailable;FALSE;multi_tenant;worldwide;prepaid;TRUE;FALSE;FALSE;TRUE;TRUE;FALSE;FALSE;FALSE;FALSE;FALSE;FALSE;FALSE;FALSE;;FALSE;FALSE;;;TRUE;FALSE;FALSE;FALSE
network;IP Failover;Additionnal dynamic public IPs for your services;paas;general_avail;TRUE;https://www.ovhcloud.com/en-ie/bare-metal/ip/;https://docs.ovh.com/fr/network-ip/;public_ipv4;unavailable;TRUE;multi_tenant;worldwide;prepaid;TRUE;TRUE;TRUE;TRUE;TRUE;TRUE;TRUE;TRUE;TRUE;TRUE;TRUE;FALSE;FALSE;;FALSE;FALSE;;;TRUE;TRUE;TRUE;FALSE
network;Load Balancer (IPLB);Load balancer to balance traffic in the cloud;iaas;general_avail;TRUE;https://www.ovh.com/fr/solutions/load-balancer/;https://docs.ovh.com/fr/load-balancer/;public_ipv4;private_ipv4;TRUE;multi_tenant;worldwide_except_us;prepaid;TRUE;TRUE;FALSE;TRUE;TRUE;FALSE;FALSE;FALSE;FALSE;FALSE;FALSE;FALSE;FALSE;;FALSE;FALSE;;;TRUE;TRUE;TRUE;FALSE
network;OVHcloud Connect;Private interconnection to OVHcloud vRack;iaas;general_avail;TRUE;https://www.ovhcloud.com/en-ie/network/ovhcloud-connect/;https://docs.ovh.com/fr/ovhcloud-connect/;unavailable;private_ipv4;TRUE;multi_tenant;worldwide;prepaid;TRUE;TRUE;TRUE;TRUE;TRUE;TRUE;TRUE;TRUE;FALSE;FALSE;FALSE;FALSE;FALSE;;FALSE;FALSE;;;TRUE;TRUE;TRUE;FALSE
network;Public Cloud Floating Ips;Additionnal dynamic public IPs for your services;paas;beta;TRUE;#;#;public_ipv4;unavailable;TRUE;multi_tenant;worldwide_except_us;pay_go;FALSE;TRUE;FALSE;FALSE;FALSE;FALSE;FALSE;FALSE;FALSE;FALSE;FALSE;FALSE;FALSE;;FALSE;FALSE;;;TRUE;TRUE;TRUE;FALSE
network;Public Cloud Load Balancers;Load Balancer for Public Cloud with pay as you go;paas;beta;TRUE;https://www.ovhcloud.com/en-ie/public-cloud/load-balancer/;#;public_ipv4;private_ipv4;TRUE;multi_tenant;worldwide;pay_go;FALSE;TRUE;FALSE;FALSE;FALSE;FALSE;FALSE;FALSE;FALSE;FALSE;FALSE;FALSE;FALSE;;FALSE;FALSE;;;FALSE;FALSE;TRUE;FALSE
network;Public Cloud Network Gateway;Internet Gateway for Public Cloud Private Networks;paas;beta;TRUE;#;#;public_ipv4;private_ipv4;TRUE;multi_tenant;worldwide_except_us;pay_go;FALSE;TRUE;FALSE;FALSE;FALSE;FALSE;FALSE;FALSE;FALSE;FALSE;FALSE;FALSE;FALSE;;FALSE;FALSE;;;TRUE;TRUE;TRUE;FALSE
network;VMware NSX-V;Software Define Network solution for VMware Hosted Private Cloud;iaas;general_avail;TRUE;https://www.ovhcloud.com/en-ie/enterprise/products/hosted-private-cloud/nsx-datacenter-vsphere/;https://docs.ovh.com/gb/en/private-cloud/;public_ipv4;private_ipv4;TRUE;single_tenant;worldwide;prepaid;TRUE;FALSE;TRUE;TRUE;TRUE;TRUE;TRUE;FALSE;FALSE;TRUE;TRUE;TRUE;TRUE;;TRUE;TRUE;;;FALSE;TRUE;FALSE;FALSE
network;vRack;a L2 private network;iaas;general_avail;TRUE;https://www.ovh.ie/solutions/vrack/;https://docs.ovh.com/fr/network-ip/;unavailable;private_ipv4;TRUE;multi_tenant;worldwide;prepaid;TRUE;TRUE;TRUE;TRUE;TRUE;TRUE;TRUE;TRUE;TRUE;TRUE;TRUE;FALSE;FALSE;;FALSE;FALSE;;;TRUE;TRUE;TRUE;FALSE
storage;Archive Cloud (Swift);Object storage for warm storage to back-up your data;paas;general_avail;TRUE;https://www.ovhcloud.com/en-ie/public-cloud/cloud-archive/;https://docs.ovh.com/fr/storage/;public_ipv4;unavailable;FALSE;multi_tenant;worldwide_except_us;pay_go;TRUE;TRUE;TRUE;FALSE;TRUE;TRUE;TRUE;FALSE;FALSE;FALSE;FALSE;TRUE;TRUE;;FALSE;FALSE;;;FALSE;FALSE;TRUE;FALSE
storage;Archive Cold (S3);Object storage for long-term cold storage to securely archive your data;paas;alpha;TRUE;https://labs.ovh.com/cold-archive;https://docs.ovh.com/fr/storage/;public_ipv4;unavailable;FALSE;multi_tenant;worldwide_except_us;pay_go;FALSE;FALSE;FALSE;TRUE;FALSE;FALSE;FALSE;FALSE;FALSE;FALSE;FALSE;TRUE;;;FALSE;FALSE;;;FALSE;FALSE;TRUE;FALSE
storage;Bare Metal Storage servers ;Dedicated bare metal servers with lot of storage inside;iaas;general_avail;TRUE;https://www.ovhcloud.com/en-ie/bare-metal/storage/;https://docs.ovh.com/fr/dedicated/;public_ipv4 public_ipv6;private_ipv4 private_ipv6;TRUE;single_tenant;worldwide;prepaid;TRUE;TRUE;TRUE;TRUE;TRUE;TRUE;TRUE;FALSE;TRUE;TRUE;TRUE;TRUE;;;FALSE;FALSE;;;TRUE;FALSE;FALSE;FALSE
storage;Block Storage;Remote volumes of storage for your VMs in Public Cloud;iaas;general_avail;TRUE;https://www.ovhcloud.com/en-ie/public-cloud/block-storage/;https://docs.ovh.com/fr/storage/;public_ipv4;unavailable;FALSE;multi_tenant;worldwide;pay_go;FALSE;FALSE;FALSE;FALSE;FALSE;FALSE;FALSE;FALSE;FALSE;FALSE;FALSE;TRUE;TRUE;;FALSE;FALSE;;;FALSE;FALSE;TRUE;FALSE
storage;File storage Cloud Disk Array;Managed Block Storage;iaas;general_avail;TRUE;https://www.ovh.com/fr/cloud-disk-array/;https://docs.ovh.com/fr/storage/;public_ipv4;unavailable;FALSE;multi_tenant;worldwide_except_us;prepaid;TRUE;TRUE;FALSE;FALSE;TRUE;FALSE;FALSE;FALSE;FALSE;FALSE;FALSE;TRUE;FALSE;;FALSE;FALSE;;;TRUE;FALSE;FALSE;FALSE
storage;File Storage Enterprise File Storage;Managed NetApp Ontap file storage;iaas;general_avail;TRUE;https://www.ovhcloud.com/en-ie/storage-solutions/enterprise-file-storage/;https://docs.ovh.com/fr/storage/;public_ipv4;unavailable;FALSE;multi_tenant;worldwide_except_us;prepaid;TRUE;FALSE;TRUE;TRUE;FALSE;FALSE;FALSE;FALSE;FALSE;FALSE;FALSE;TRUE;TRUE;;FALSE;FALSE;;;TRUE;FALSE;FALSE;FALSE
storage;File Storage NAS-HA;Managed file storage;iaas;general_avail;TRUE;https://www.ovhcloud.com/en-ie/storage-solutions/nas-ha/;https://docs.ovh.com/fr/storage/;public_ipv4;unavailable;FALSE;multi_tenant;worldwide_except_us;prepaid;TRUE;FALSE;FALSE;TRUE;TRUE;FALSE;FALSE;FALSE;FALSE;FALSE;FALSE;TRUE;TRUE;;FALSE;FALSE;;;TRUE;FALSE;FALSE;FALSE
storage;Object Storage S3;Object storage based on S3 technology (high and standard Performance);paas;general_avail;TRUE;https://www.ovhcloud.com/en-ie/public-cloud/object-storage/;https://docs.ovh.com/fr/storage/;public_ipv4;unavailable;TRUE;multi_tenant;worldwide_except_us;pay_go;FALSE;TRUE;FALSE;FALSE;TRUE;FALSE;FALSE;FALSE;FALSE;FALSE;FALSE;TRUE;TRUE;;FALSE;FALSE;;;FALSE;FALSE;TRUE;FALSE
storage;Object Storage Swift;Object storage based on Swift technology (standard perfromance);paas;general_avail;TRUE;https://www.ovhcloud.com/en-ie/public-cloud/object-storage/;https://docs.ovh.com/fr/storage/;public_ipv4;unavailable;TRUE;multi_tenant;worldwide_except_us;pay_go;TRUE;TRUE;TRUE;TRUE;TRUE;TRUE;TRUE;TRUE;TRUE;TRUE;TRUE;TRUE;TRUE;;FALSE;FALSE;;;FALSE;FALSE;TRUE;FALSE
storage;Managed Private Registry;Managed Harbor artifact registry ;paas;general_avail;TRUE;https://www.ovhcloud.com/en-ie/public-cloud/managed-private-registry/;https://docs.ovh.com/gb/en/private-registry/;public_ipv4;private_ipv4;TRUE;multi_tenant;worldwide;pay_go;TRUE;TRUE;FALSE;FALSE;FALSE;FALSE;FALSE;FALSE;FALSE;FALSE;FALSE;TRUE;TRUE;;TRUE;FALSE;;;FALSE;FALSE;TRUE;FALSE
storage;VMware vSAN;High perf. local storage in a managed VMware for HPC cluster;iaas;general_avail;TRUE;https://www.ovhcloud.com/en-ie/enterprise/products/hosted-private-cloud/;https://docs.ovh.com/gb/en/private-cloud/;public_ipv4;private_ipv4;FALSE;single_tenant;worldwide;prepaid;TRUE;FALSE;TRUE;TRUE;TRUE;TRUE;TRUE;FALSE;FALSE;TRUE;TRUE;TRUE;TRUE;;TRUE;TRUE;;;FALSE;TRUE;FALSE;FALSE
